Acc_X,Acc_Y,Acc_Z,Gyr_X,Gyr_Y,Gyr_Z,Label
0.21850586,0.01940918,0.09204101599999999,25.786259,-60.81679499999999,-108.229004,10
0.21276855,0.028686523,0.10406494,-2.1984732000000005,-56.32824300000001,-100.51908,10
0.20874023,0.029296875,0.1182251,-35.473279999999995,-53.69465600000001,-88.71755999999999,10
0.2364502,0.039978027,0.122558594,-69.55725,-48.190838,-78.0,10
0.23724365,0.06744385,0.09881592,-82.145035,-42.038166,-66.19084000000001,10
0.23284912,0.109313965,0.10961914,-87.80153,-14.725191,-55.312977000000004,10
0.26263428,0.13293457,0.11883545,-67.40458000000001,3.0305343,-45.633587,10
0.28607178,0.15203857,0.10388183599999999,-31.396946000000003,18.442749,-39.099236,10
0.272583,0.17578125,0.12164307,-20.854961,37.21374,-54.83206,10
0.24377441,0.22955322,0.09710693,-26.23664,70.05344000000001,-52.732826,10
0.25177002,0.24499512,0.09173584,-17.564885999999998,102.816795,-68.061066,10
0.2052002,0.2600708,0.13250732,-20.236639999999998,140.06107,-127.58778000000001,10
0.15081787,0.25909424,0.13330078,-51.9771,156.03816,-160.48091000000002,10
0.02960205,0.10784912,-0.022827148,54.679390000000005,104.01527,-22.709923,10
0.03515625,0.10717773400000001,-0.03186035,70.541985,71.091606,21.374046,10
0.019226074,0.10510254,-0.008361816,65.03817,28.290077,51.206109999999995,10
0.027526855,0.04925537,6.1e-05,47.755726,-17.877863,28.725191,10
0.015686035,0.29492188,-0.05908203,-61.37404599999999,-49.900764,-24.08397,10
-0.00592041,0.3861084,0.02960205,136.18321,-87.41984599999999,48.419846,10
-0.07122803,0.31677246,0.13354492,186.71756000000002,-86.91603,56.572517000000005,10
-0.1161499,0.22766113,0.107299805,250.12977999999998,-76.44275,51.82443,10
-0.07781982400000001,0.22363281,0.05859375,44.045803,21.885496,0.41984734,10
-6.1e-05,0.38293457,0.07232666,16.458015,49.526720000000005,-13.847328,10
0.007568359,0.44873047,0.04498291,107.46565,40.21374,10.572519,10
-0.009277344,0.2506714,0.06756592,218.15266,31.51145,21.404581,10
0.018554688,0.27355957,0.00970459,71.25191,52.580154,3.778626,10
0.07745361,0.34075928,0.026672362999999998,150.03816,43.931297,24.229008,10
0.05731201,0.2310791,0.056640625,189.74046,26.633587,31.587785999999998,10
0.0635376,0.14996338,0.018493652,122.74808999999999,48.839695,15.717557000000001,10
0.0859375,0.1786499,-0.025878906,31.557251,60.274809999999995,-2.0610688,10
0.09234619,0.20739746,-0.03387451,36.793890000000005,56.221375,-4.40458,10
0.07580566400000001,0.19274902,-0.037597656,77.854965,33.870228000000004,15.755725,10
0.06732178,0.15460205,-0.034179688,93.32825,20.412214000000002,30.122137,10
0.041137695,0.11663818,-0.03302002,70.31298000000001,22.137404999999998,22.045801,10
0.054504395,0.184021,-0.022521972999999997,22.770992,25.679389999999998,20.969465,10
0.046203613,0.19940186,-0.01727295,80.01527,13.206107000000001,37.55725,10
0.045166015999999996,0.1517334,-0.025878906,18.847328,14.015267000000001,20.015266,10
0.057617188,0.15014648,-0.057800292999999996,-21.809160000000002,-0.4274809,-4.473282299999999,10
0.039794922,0.18066406,-0.07519531,-91.9313,-75.67939,-31.717558,10
0.04046631,0.1828003,-0.08331299,-174.75572,-110.70228999999999,-53.969467,10
0.029846191,0.24261475,-0.036804199999999995,-221.67175,-141.35115,-66.41984599999999,10
0.032043457000000004,0.30358887,-0.028259277000000003,-201.55725,-140.19847,-73.99235999999999,10
0.03149414,0.33374023,0.033203125,-149.69466,-158.85497,-73.23664000000001,10
0.020935059,0.28228759999999997,0.04541015599999999,-99.44275,-181.9084,-79.64886,10
0.011657715,0.33898926,0.09063721,-105.74045600000001,-71.503815,-81.07633,10
0.029052734,0.32537842,0.12438965,-15.671756,-80.15267,-59.312977000000004,10
0.03375244,0.29034424,0.08422851599999999,9.396947,-75.54961999999999,-54.778625,10
-0.01928711,0.28430176,0.02722168,10.557252,-50.648853,-52.404579999999996,10
-0.014221191000000001,0.28894043,0.002990723,35.282444,-44.435116,-46.396946,10
-0.042541504,0.26611328,0.010253906,44.91603,-32.137405,-51.717556,10
-0.07080078,0.26654053,0.003295898,33.603054,-19.89313,-54.053436,10
-0.06304932,0.19421387,0.00378418,56.67175699999999,-2.0992367,-59.37404599999999,10
-0.06567383,0.16882324,0.035827637,60.984733999999996,-0.58778626,-55.007633,10
-0.10717773400000001,0.22625732,-0.03753662,-23.564885999999998,12.091603,-48.099236,10
-0.13323975,0.2946167,-0.026611327999999997,-10.122137,19.480917,-55.061069999999994,10
-0.16937256,0.30877686,-0.01159668,-11.931297,13.114504,-75.061066,10
-0.17205810000000002,0.36523438,-0.019470215,-46.297709999999995,21.885496,-104.19084000000001,10
-0.19506836,0.42584229999999995,-0.003662109,-24.167938,38.603054,-122.51145,10
-0.21081543,0.3534546,-0.000488,32.572517,39.984734,-146.01527,10
-0.21807861,0.29382324,-0.007446289,2.9694657,72.43511,-176.01527,10
-0.20770264,0.24664307,0.009948731,9.610686999999999,70.40458000000001,-183.26718,10
-0.19726562,0.17279053,0.051757812,6.5496182,68.99235999999999,-185.98473,10
-0.18670654,0.09777832,0.03894043,-11.442748,89.9771,-187.58778,10
-0.17852783,0.08728027,0.046813965,-40.0229,98.39695,-178.93893,10
-0.17669678,0.05218506,0.04626465,-4.8244276,74.099236,-158.07634,10
-0.15570068,-0.006164551,0.027038574,-44.0,78.23664000000001,-135.03053,10
-0.13110352,0.033081055,0.007385254,-85.46565,82.71755999999999,-115.87023,10
-0.14733887,0.04260254,0.00042699999999999997,-32.297709999999995,51.198475,-90.29771,10
-0.12658691,0.020446777,-0.014587402,-39.0229,44.038166,-79.23664000000001,10
-0.14337158,0.024597168,-0.013427733999999998,-80.84733,45.526720000000005,-74.458015,10
-0.17443848,0.050354004,-0.009399414,-79.98473,35.839695,-63.59542,10
-0.17175293,0.093688965,-0.052734375,-14.755725,32.297709999999995,-55.580154,10
-0.13781738,0.1395874,-0.059143065999999994,124.69466000000001,15.091603,-8.893129,10
-0.18005371,0.08569336,-0.020080566,250.12977999999998,-19.595419,35.10687,10
-0.19451904,0.007507324,-0.010375977,250.12977999999998,-56.35878,45.419846,10
-0.23114014,-0.08502197,-0.046569824,192.47328000000002,-35.82443,0.46564886,10
-0.21612549,0.02557373,-0.07110596,31.244274,59.900764,10.412213000000001,10
-0.21490479,-0.031433105,-0.08154297,1.480916,-8.893129,-9.022901,10
-0.27160645,0.022277832,-0.10089111,-144.15266,46.374046,-14.954199,10
-0.26361084,0.13647461,-0.14587402,-38.0229,15.366412,-15.274809,10
-0.25305176,0.058288574,-0.1239624,86.48092,-25.977098,-23.900763,10
-0.27355957,0.025695799999999998,-0.10186767599999999,-7.480916000000001,1.648855,-11.305344,10
-0.25457764,0.103637695,-0.09350586,-4.442748,-11.709924,16.641222,10
-0.22344970000000003,0.09100342,-0.11218262,73.42748,-15.549619,26.984734000000003,10
-0.22961426,0.035827637,-0.07379150400000001,47.14504,7.290076299999999,16.351145000000002,10
-0.20324707,0.0703125,-0.06298828,-56.25954,55.702290000000005,15.259541500000001,10
-0.18988037,0.13488770000000003,-0.10772705,-41.816795,21.236639999999998,24.145039,10
-0.19592285,0.10083008,-0.13458252,31.335878000000005,-6.236641400000001,30.267176,10
-0.20739746,0.089904785,-0.10498047,8.366412,32.946564,23.244274,10
-0.19189453,0.03289795,-0.03466797,14.984732999999999,26.534351,23.93893,10
-0.22564697,0.07843017599999999,-0.09527588,52.290077000000004,26.740458,25.320610000000002,10
-0.16143799,0.024536132999999998,-0.11505127,113.25191000000001,-8.068703,25.91603,10
-0.18359375,-0.064331055,-0.08642578,34.732826,9.656488000000001,6.6793895,10
-0.15240479,-0.021606445,-0.09338379,-35.358779999999996,33.16794,6.1679387000000006,10
-0.12298584,0.026428222999999997,-0.14923096,-2.7862597,12.381680000000001,3.5572519999999996,10
-0.1307373,0.017089844,-0.12512207,19.366413,9.206107000000001,3.0992367,10
-0.18103027,0.036254882999999995,-0.0859375,1.5343511,14.549619,3.59542,10
-0.21569824,0.01763916,-0.06707764,26.541984999999997,-5.984732599999999,4.5038165999999995,10
-0.2584839,-0.007507324,-0.09411621,19.419847,-3.183206,1.0076336,10
-0.25872803,-0.01184082,-0.125,42.038166,6.5419846,1.4885496,10
-0.23803711,-0.023376465,-0.13165283,8.679389,2.1603053,-3.038168,10
-0.19750977,0.020263672,-0.14282227,-3.1755726,2.4580152,2.923664,10
-0.20794678,0.057373047,-0.15576172,13.351145,-13.832060999999998,1.8244275,10
-0.23773193,0.053771973,-0.15661621,13.78626,-15.244275,1.2442749,10
-0.25726318,0.031066895,-0.15686035,-18.076335999999998,-0.77099234,-3.465649,10
-0.276062,0.038208007999999995,-0.09832764,-27.89313,-11.847328,-13.19084,10
-0.27545166,0.06323242,-0.08691406,-0.519084,-13.045800999999999,5.015267400000001,10
-0.23272705,0.003112793,-0.085998535,-6.038168,0.79389316,12.885496,10
-0.23272705,0.00378418,-0.07208252,-44.244274,-8.603053,-0.45801526,10
-0.22692871,0.04559326,-0.048950195,-70.61069,11.885496,8.832061,10
-0.22143555,0.093933105,-0.05834961,-25.244274,16.740458,17.10687,10
-0.19506836,0.09271239999999999,-0.11743164,19.832062,7.8015265,25.847328,10
-0.18634033,0.06628418,-0.076660156,15.709923999999999,1.8167938999999997,21.496183,10
-0.22149658,0.037963867000000005,-0.06280517599999999,11.083969,-0.06870229,7.0839696,10
-0.19409179999999998,0.043273926,-0.10986328,17.175573,33.732826,9.770992,10
-0.15252686,0.0390625,-0.09765625,27.12977,29.351145000000002,13.702291,10
-0.16485596,-0.0034790040000000004,-0.072753906,-3.0076337000000004,7.0,7.183206,10
-0.18377686,0.04711914,-0.06939697,-16.06107,15.526717000000001,7.816794,10
-0.18170166,0.053894042999999996,-0.10186767599999999,-3.7175572,10.610686999999999,9.916031,10
-0.18548584,0.078125,-0.08703613,11.122137,11.007633,14.290076000000001,10
-0.20977783,0.045776367000000005,-0.07476807,35.15267,-0.46564886,12.748092,10
-0.20721436,0.029541016,-0.097595215,31.045801,3.9160306000000005,4.3511453,10
-0.21337889999999998,0.025817871000000003,-0.08886719,7.3664119999999995,-12.251908,3.70229,10
-0.23461914,0.057495117000000005,-0.09063721,13.740458499999999,-38.648853,5.0076336999999995,10
-0.23535156,0.08941650400000001,-0.096191406,38.908398,-49.732826,6.374046,10
-0.24908447,0.06213379,-0.13464355,32.137405,-45.183205,4.8396945,10
-0.25195312,0.083496094,-0.120910645,7.6335880000000005,-33.068703,4.664122,10
-0.24993896,0.0925293,-0.12097168,38.0,-31.442749,14.480916,10
-0.22229004,0.08282471,-0.17480469,50.198475,32.251907,23.290077,10
-0.16796875,0.055236815999999994,-0.14178467,53.32824300000001,-21.320610000000002,11.015267,10
-0.19384766,0.09887695,-0.11968994,80.29771,-19.748089999999998,24.534351,10
-0.17181396,0.07501221,-0.06689453,68.84733,-28.06107,19.580153,10
-0.18933105,0.061706542999999996,-0.07470703,20.679389999999998,10.274809,18.160304999999997,10
-0.1907959,0.085754395,-0.07250976599999999,61.335876,8.053435,30.656488,10
-0.20147705,0.022399902000000003,-0.064331055,128.37403999999998,-29.175572999999996,6.152672,10
-0.19561768,-0.03137207,-0.07342529,23.694656,-10.129771,-15.305344,10
-0.1763916,0.007202148,-0.11071777,-44.389313,4.4885497,-12.19084,10
-0.18957520000000003,0.008361816,-0.08557129,17.366413,-15.38168,-11.770992,10
-0.20806885,-0.019470215,-0.05529785,-30.717558,11.969465,-19.396946,10
-0.18377686,0.006958008000000001,-0.07312012,-54.221375,13.709923999999999,-25.458015,10
-0.18029785,0.010986328,-0.08630371,-48.519085,8.7404585,-19.534351,10
-0.17578125,0.00402832,-0.08807373,-58.71755600000001,5.2061067,-24.374046,10
-0.20275879,0.028259277000000003,-0.09545898400000001,-68.8855,4.190840000000001,-23.290077,10
-0.20190429999999998,0.04168701,-0.09997558599999999,-36.045803,-0.03816794,-16.42748,10
-0.20166016,0.013427733999999998,-0.10852051,-19.809160000000002,-11.427481,-8.0992365,10
-0.20227051,0.002990723,-0.11846924,-29.93893,-11.770992,7.5648856,10
-0.19616699,0.029907227,-0.11218262,-43.076336,-0.9312976999999999,42.229008,10
-0.19659424,0.041625977,-0.110839844,-43.923664,-0.9847328000000002,51.84733,10
-0.22161865,0.014892578,-0.06970215,-44.53435,-30.045801,51.229008,10
-0.26324463,0.016601562,-0.11022949,-73.58015400000001,12.19084,57.633587,10
-0.24114989999999997,0.12060547,-0.1515503,-61.862595,81.37405,85.87786,10
-0.19885254,0.15356445,-0.08825683599999999,-1.1603054,40.908398,109.29771000000001,10
-0.21533203,0.06549072,-0.03918457,-3.0992367,-16.007633,117.07633,10
-0.21362305,0.031066895,-0.024414062,-88.67939,18.076335999999998,148.64885,10
-0.19940186,0.11999512,-0.054138184000000006,-146.73282,78.19084000000001,177.82443,10
-0.12420654,0.15014648,-0.070129395,-88.12214,123.34351000000001,181.0687,10
-0.083984375,0.13098145,-0.05432129,-21.335878,80.35114,189.9313,10
-0.07135010000000001,0.08264160000000001,-0.029052734,-39.404579999999996,27.396946000000003,182.58015,10
-0.05029297,0.123535156,-0.0390625,-57.923664,71.770996,190.70228999999998,10
-0.005615234,0.1743164,-0.018005371000000003,-29.641221999999996,112.770996,196.23665,10
0.05621338,0.20166016,-0.007751465,-34.702290000000005,112.61068999999999,206.771,10
0.08422851599999999,0.16815186,-0.010498047,-8.755725,55.732826,222.58777999999998,10
0.060424805,0.15826416,0.030212402000000003,45.55725,37.21374,231.57252999999997,10
0.091796875,0.19000244,0.03253174,-20.793894,100.96183,206.51908999999998,10
0.19104004,0.20788574,0.031188965,-56.564884,48.320609999999995,185.24428,10
0.1675415,0.17718506,0.033325195,3.7099237,52.946564,203.40458999999998,10
0.1708374,0.11376953,0.06640625,5.5725193,56.755726,175.6565,10
0.2506714,0.1453247,0.07653808599999999,-117.40458000000001,73.20611,133.72519,10
0.29638672,0.21875,0.038513184,-114.03817,43.946564,138.9542,10
0.3151245,0.15246582,0.055603027,-65.816795,46.648853,156.96947,10
0.34008790000000005,0.10894775400000001,0.10058594,-103.816795,43.068703,147.55725,10
0.37078857,0.09277344,0.1531372,-148.81679,20.946566,133.0229,10
0.37719727,0.13470459,0.13110352,-206.06107,-5.8702292,122.67938999999998,10
0.36383057,0.16052246,0.09545898400000001,-246.54962,-5.9770994,116.47328,10
0.3222046,0.14916992,0.07714844,-250.1374,19.282442,91.54961999999999,10
0.30773926,0.18835449,0.0715332,-250.1374,37.12214,78.43511,10
0.27508545,0.16326904,0.07452392599999999,-168.00763,39.14504,76.229004,10
0.23638916,0.13171387,0.09039307,-93.35878000000001,43.587788,62.51145,10
0.21374512,0.10803223,0.101379395,-60.572517000000005,32.76336,45.709922999999996,10
0.18707275,0.08953857400000001,0.13842773,-66.80915999999999,19.977098,33.870228000000004,10
0.18731689999999998,0.035217285,0.11785889,-165.85497,10.267176,5.4274807,10
0.17846679999999998,0.10424805,0.14678955,-250.1374,23.282442,-27.946565999999997,10
0.190979,0.08233642599999999,0.13793945,-250.1374,-33.580154,-27.221375,10
0.17382812,0.1453247,0.15252686,-250.1374,-1.5267175,-51.091602,10
0.20336914,0.20849610000000002,0.14508057,-179.06107,-37.366413,-12.603053,10
0.19342041,0.18139648,0.1359253,-49.244274,-62.64122,22.175573,10
0.18731689999999998,0.16467285,0.10888672,16.57252,-48.374046,42.610687,10
0.21038818,0.17462158,0.09649658,92.67939,-27.786259,75.01527,10
0.23773193,0.18115234,0.08044433599999999,144.32825,7.9389315,92.20611,10
0.26873779999999997,0.20501709,0.099609375,187.50381000000002,46.030533,110.12213999999999,10
0.26690674,0.17303467,0.1586914,243.07634,44.282444,113.66412,10
0.25689697,0.05303955,0.14929199,185.0458,35.251907,69.44275,10
0.2562256,0.010192871,0.14440918,56.083969999999994,30.70229,-12.7786255,10
0.29010009999999997,0.06640625,0.119018555,5.1221375,20.854961,-60.015266000000004,10
0.33343506,0.12866211,0.120910645,-6.3893127,17.442749,-81.55725,10
0.31951904,0.099487305,0.18035889,36.297709999999995,-24.198473,-84.12977,10
0.31970215,0.059143065999999994,0.23632812,32.068703,-59.16794,-107.15267,10
0.3203125,0.060424805,0.18878174,48.396946,-94.0458,-133.28243999999998,10
0.30169678,0.050598145,0.13378906,57.061069999999994,-83.70992,-145.7939,10
0.27044678,0.05053711,0.10125732400000001,54.099236,-47.15267,-160.99237,10
0.24829102,0.022094727,0.05987549,64.12214,4.480916000000001,-164.60306,10
0.18835449,-0.05529785,0.015319824,111.778625,40.801525,-153.03816,10
0.13647461,-0.061462402,0.018188476999999998,127.21373999999999,50.10687,-131.45801,10
0.16418457,0.011535645,0.04724121,41.709922999999996,85.40458000000001,-111.01527,10
0.21612549,0.13140869,0.09887695,24.717558,74.74809,-55.50382,10
0.22741699,0.09075928,0.13775635,130.54962,3.7404580000000003,20.717558,10
0.20324707,0.02911377,0.12365723,157.2061,-29.51145,44.358779999999996,10
0.23248291,0.012756348,0.13977051,162.32825,-36.229008,29.694656,10
0.28753662,-0.013244628999999999,0.22210693,150.46565,-53.59542,18.580153,10
0.30938720000000003,-0.11590576,0.28942870000000004,70.41221999999999,-126.137405,-25.93893,10
0.23706055,-0.121276855,0.15435791,-39.625954,-156.77100000000002,-79.53435,10
0.17871094,-0.08685303,0.0803833,-123.9771,-76.76335999999999,-103.69466,10
0.1687622,-0.04827881,0.14733887,-235.229,-45.435116,-95.27481,10
0.11932373,0.093811035,0.10864258,-250.01527000000002,-64.58015400000001,-53.85496,10
0.05908203,0.11981201,0.064575195,-203.91603,-35.76336,41.694656,10
0.0013427729999999998,0.124938965,-0.068359375,-87.28244000000001,-17.244274,100.99235999999999,10
-0.029296875,0.11108398400000001,-0.049743652,-8.770992,11.053435,153.82443,10
0.058654785,0.04888916,0.03881836,35.206109999999995,6.5114503,154.61068999999998,10
0.16796875,0.007873535,0.12939453,-66.0687,24.908398000000002,140.12978,10
0.47247314,0.09375,0.14379883,-105.87023,-32.12214,150.27481,10
0.6894531,0.19750977,0.16314697,-82.71755999999999,-12.480916,249.54199,10
0.6387329,0.23059082,0.17822266,-28.557251,4.7251905999999995,250.12977999999998,10
0.3798828,0.23980713,0.0435791,-2.221374,19.580153,250.12977999999998,10
0.26293945,0.16864014,0.12646484,54.297709999999995,43.732826,197.64122,10
0.21063232,0.07800293,0.08111572,125.71756,8.503817,88.48855,10
0.17095947,0.11596680000000001,0.007873535,67.32825,28.267176,3.1908397999999996,10
0.11657715,0.16674805,-0.00042699999999999997,76.16794,36.129771999999996,-7.343511599999999,10
0.06524658,0.175354,-0.01550293,72.183205,53.099236,11.755725,10
0.05596924,0.15490723,-0.039978027,74.78626,60.84733000000001,26.862595000000002,10
0.046203613,0.13391113,-0.02722168,116.41984599999999,52.183205,34.198475,10
0.07507324,0.08923339999999999,0.010009766,149.64885,39.351147,23.946566,10
0.21374512,0.07470703,0.028320312,129.0229,33.84733,20.503817,10
0.49609375,0.15692139,0.103515625,139.48091000000002,45.664124,53.053436,10
0.5789795,-0.021057128999999997,0.402771,122.78626000000001,10.78626,72.51145,10
0.37316895,-0.12915039,0.5202637,20.206106,-244.87787000000003,-57.49618,10
0.19689941,-0.044616699999999995,0.17395020000000003,-149.07634,-250.1374,-141.58778,10
0.08825683599999999,0.08264160000000001,-0.089904785,-79.94655999999999,-72.96183,-211.08397000000002,10
0.16925049,0.020263672,-0.053466797,-58.16030500000001,-28.23664,-175.17557,10
0.12109375,0.06866455,0.007080078,-58.343509999999995,13.503817000000002,-161.23665,10
0.203125,0.0725708,0.08624267599999999,-39.671757,25.290077,-116.19084,10
0.20275879,-0.033935547,0.13262939999999998,5.3206105,-36.908398,-106.19084,10
0.26385498,-0.02557373,0.10388183599999999,-55.389313,-60.69465600000001,-105.381676,10
0.30303955,0.025390625,0.09423828,-53.450382,-73.08397,-87.28244000000001,10
0.35754395,0.043640137,0.07409668,-50.351147,-64.58778000000001,-29.557251,10
0.43408203,0.10198974599999999,0.111816406,-106.79388999999999,-23.297710000000002,31.549618,10
0.29937744,0.17675781,0.003540039,-39.297709999999995,-32.770992,75.58015400000001,10
0.22869873,0.123168945,0.008483886999999999,-34.206109999999995,96.05344000000001,128.26718,10
0.20928955,0.10040283,-0.005310059000000001,69.12977,105.36641000000002,121.89313,10
0.1696167,0.0647583,0.02154541,131.58015,120.15267,125.58778000000001,10
0.17987060000000002,0.061279297,0.06298828,181.09923999999998,107.137405,103.824425,10
0.16357422,0.08239746,0.06591797,115.46565,79.16794,97.70992,10
0.13323975,0.07940674,0.048095703,67.48855,44.328243,91.07633,10
0.104003906,0.041992188,0.012268066000000001,40.900764,30.717558,72.33588,10
0.13842773,0.04663086,0.015625,-5.5496182,35.51145,46.312977000000004,10
0.19927979,0.060668945,0.037963867000000005,1.2061069,29.603053999999997,39.87786,10
0.25994873,0.059143065999999994,0.08044433599999999,-13.511451000000001,14.961832000000001,25.404581,10
0.35186768,0.08044433599999999,0.11932373,-27.931296999999997,-5.3206105,22.862595000000002,10
0.43133545,0.041381836,0.20538330000000002,-45.671757,-32.648853,7.4961834000000005,10
0.50598145,0.016357422,0.28814697,-75.87023,-93.061066,-28.053434000000003,10
0.5053711,0.057922363,0.19415283,-107.87023,-136.93893,-55.55725,10
0.34912109999999996,0.10864258,0.06927489999999999,-92.54961999999999,-120.14503500000001,-55.030533,10
0.26080322,0.103393555,0.070373535,-79.80915999999999,-21.244274,-49.053436,10
0.21429443,0.078125,0.03277588,-15.992367000000002,0.07633588,-53.916030000000006,10
0.18463135,0.06451416,0.029663086,-6.10687,49.748093,-52.84733000000001,10
0.17407227,0.08294678,0.038146973,48.328243,54.38168,-40.87786,10
0.15655518,0.08355713,0.040893555,67.816795,62.351147,-12.687023,10
0.12573242,0.05218506,0.05444336,63.572517000000005,42.82443,-3.5496182000000003,10
0.11730957,0.04864502,0.06103515599999999,56.83206,26.465649,3.7328242999999994,10
0.11590576,0.032226562,0.060180664,55.564884,10.694656,3.7175572,10
0.13397217,0.024414062,0.055358887,45.389313,-8.068703,-3.053435,10
0.15454102,0.026123047000000003,0.06793213,14.748092000000002,-8.412213000000001,-6.015267400000001,10
0.17358398,0.027648926,0.09710693,-17.007633,-33.732826,-17.557251,10
0.17285156,0.03112793,0.12225342,-63.61832,-59.251906999999996,-27.70229,10
0.19366455,0.042053223,0.12139892599999999,-103.94655999999999,-74.08397,-43.78626,10
0.15838623,0.05432129,0.11621094,-113.1145,-92.87023,-58.22900799999999,10
0.14996338,0.06213379,0.07550049,-117.68701999999999,-71.39695,-65.38931,10
0.22357178,0.05328369,0.08782959,-122.53435,-44.190838,-53.0,10
0.2705078,0.088378906,0.07940674,-75.03817,-32.10687,-47.862595,10
0.34320068,0.10485839999999998,0.08953857400000001,-41.053436,-9.465649,-1.8702290000000001,10
0.42053223,0.11077881,0.11517334,-1.259542,10.129771,48.83206,10
0.39331055,0.10986328,0.10803223,21.114504,22.946566,78.64121999999999,10
0.33654785,0.09136963,0.08551025400000001,32.229008,41.473279999999995,98.61069,10
0.27929688,0.08154297,0.06903076,48.900764,59.83206,97.19847,10
0.24285889,0.09301758,0.048217773,76.96947,70.71755999999999,86.71755999999999,10
0.19824219,0.08551025400000001,0.04119873,102.137405,73.35878000000001,72.70992,10
0.15747070000000002,0.06109619,0.057739257999999995,99.175575,64.183205,57.007633,10
0.12994385,0.037353516,0.048034667999999996,72.20611,40.10687,25.396946,10
0.13055419999999998,0.018066406,0.031921387,29.778625,23.923664000000002,10.351144999999999,10
0.13793945,0.03527832,0.018920898000000002,-6.89313,11.625955000000001,6.7557254,10
0.13787842,0.06121826,0.0010986330000000001,-22.610687,9.083969,13.335876999999998,10
0.14465332,0.09906006,-0.014221191000000001,-19.786259,25.183207,41.427483,10
0.17590332,0.12792969,-0.015563965,21.57252,34.229008,68.65649,10
0.17633057,0.118652344,0.005249023,77.64886,32.839695,84.48092,10
0.12536621,0.03338623,0.08605957,-83.23664000000001,-64.41221999999999,-57.809162,10
0.08660889,0.11407471,0.081970215,-82.0687,-90.16794,-76.37405,10
0.16381836,0.17065429999999998,0.08538818,-54.15266999999999,-80.38931,-55.091602,10
0.19403076,0.14416504,0.12530518,-13.80916,-101.496185,-50.526720000000005,10
0.32513428,0.17694092,0.12591553,-25.839695000000003,-72.53435,-15.488548999999999,10
0.66033936,0.30718994,0.08105469,108.816795,54.137405,87.9313,10
0.5270996,0.22833252,0.1519165,176.14503,79.33588,83.1145,10
0.4060669,0.10845947,0.19683838,228.80916000000002,46.007633,20.671754999999997,10
0.39801025,0.07250976599999999,0.15777588,209.771,6.526717700000001,-56.61832,10
0.39874268,0.042419434000000006,0.14013672,161.74046,-15.267176000000001,-106.99236,10
0.31378174,0.03741455,0.11468506,120.816795,-60.083969999999994,-141.72519,10
0.21417236,0.007019043000000001,0.11047363,46.450382,-73.52672,-167.55725,10
0.1918335,0.026794434,0.05255127,10.496183,-70.9313,-181.81679,10
0.16265869,0.030700684,0.03967285,6.3816795,-45.519085,-171.38168000000002,10
0.14813232,0.04541015599999999,0.039611816,3.2671757,-31.29771,-161.84734,10
0.21557617,0.04815674,0.051391599999999996,-1.7633588,-4.5496182,-144.87787,10
0.23266602,0.044189453,0.06933594,19.122137,-8.274809,-123.229004,10
0.22528076,0.020446777,0.08441162,17.763360000000002,-20.022902,-107.66412,10
0.246521,0.01776123,0.08831787,-6.259542,-33.580154,-93.46565,10
0.2508545,0.006469727,0.10949707,-18.183207,-45.335876,-73.20611,10
0.22174072,-0.005126953,0.09436035,-45.404579999999996,-59.916030000000006,-57.51145,10
0.22650146,0.024719237999999998,0.064331055,-76.00764000000001,-52.9771,-47.244274,10
0.2520752,0.041931152,0.08416748,-91.01527,-34.297709999999995,1.8167938999999997,10
0.27062988,0.076293945,0.061279297,-80.03817,-23.587785999999998,52.51145,10
0.29077148,0.09362793,0.053100586,-67.51145,10.320611,110.0,10
0.27301025,0.083496094,0.074157715,-45.809162,25.335878,150.36641,10
0.23693848,0.05987549,0.099487305,-45.687022999999996,30.06107,169.38168000000002,10
0.21405029999999997,0.049133300000000005,0.099487305,-50.641220000000004,25.267176,167.43511999999998,10
0.21588135,0.050964355,0.09729004,-53.106869999999994,19.832062,164.17557,10
0.21813965,0.08178711,0.06976318,-49.801525,18.068703,162.54962,10
0.21405029999999997,0.09075928,0.07006836,-40.9771,25.183207,167.74046,10
0.19824219,0.09399414,0.07385254,-35.679390000000005,30.053434000000003,174.37403999999998,10
0.20721436,0.097595215,0.066223145,-30.801527,31.389313,171.78625,10
0.21063232,0.11773682,0.05102539,-17.51145,35.564884,169.80916000000002,10
0.2074585,0.12805176,0.051452637,11.954199000000001,37.183205,163.46565,10
0.20501709,0.11920166,0.059326172,33.870228000000004,34.190838,155.70228999999998,10
0.22332764,0.13159179999999998,0.055541992000000005,28.580153000000003,35.83206,141.90076000000002,10
0.24969482,0.14318848,0.06707764,26.190839999999998,34.404579999999996,123.33588,10
0.253479,0.13354492,0.095214844,19.213741,25.633587,97.41221999999999,10
0.25817870000000004,0.11975098,0.11633301,0.45038167,4.847328,55.541985,10
0.20892334,0.11413574,0.08154297,8.870229,-14.259541500000001,2.5419848,10
0.22833252,0.09832764,0.07843017599999999,16.206106,10.473283,-37.328243,10
0.32196045,0.09729004,0.117126465,11.80916,14.290076000000001,-56.801525,10
0.42608643,0.15649414,0.15887451,19.0,-3.2748091,-69.15267,10
0.5559082,0.17877197,0.21020508,46.0,-29.61832,-58.17556999999999,10
0.4446411,0.10986328,0.20269775,88.23664000000001,-85.183205,-85.70229,10
0.38293457,0.06610107400000001,0.16235352,74.36641,-88.45038000000001,-133.63359,10
0.39422607,0.055603027,0.12329101599999999,104.92367,-63.809162,-176.66412,10
0.37786865,0.032287598,0.12591553,141.70228999999998,-53.091602,-188.50381000000002,10
0.33721924,0.061950684000000006,0.11999512,124.0687,-26.786259,-212.90076000000002,10
0.29107666,0.056640625,0.09918213,149.21375,-38.519085,-207.35115,10
0.24554443,0.05505371,0.11059569999999999,99.24428,-12.045800999999999,-215.6565,10
0.24291992,0.04925537,0.11273193,97.65649,-14.259541500000001,-209.41985,10
0.21868896,0.02154541,0.11102295,91.76335999999999,-17.801527,-196.7939,10
0.18487549,0.006347656,0.10253906,71.496185,-20.755726,-195.45801,10
0.20227051,0.004699707,0.12078857400000001,35.343509999999995,-35.541985,-143.56488000000002,10
0.22290039,0.014160156,0.11871338,-7.9465647,-42.328243,-115.16793999999999,10
0.22595215,0.04638672,0.11071777,-17.099237,-62.28244399999999,-85.15267,10
0.24200439999999998,0.036743164,0.06530762,-23.687023,-26.145039,-55.0,10
0.26733398,-0.021118164,0.13763428,-50.816795,-27.717558,-28.160304999999997,10
0.27789307,-0.009338379,0.12774658,-89.1145,-28.694656,4.984732599999999,10
0.28479004,0.04498291,0.079956055,-108.56488999999999,-27.038168,55.190838,10
0.29156494,0.13085938,-0.009460449000000001,-96.31298000000001,17.91603,136.70993,10
0.27880859999999996,0.15832520000000003,-0.024658202999999997,-41.78626,67.16031,211.55725,10
0.25451660000000004,0.12048339999999998,-0.016723633,8.78626,97.618324,250.12977999999998,10
0.27789307,0.09283447,0.10632324,-250.1374,-42.404579999999996,104.76335999999999,10
0.29937744,0.16143799,0.08666992,-250.1374,-46.06107,104.0229,10
0.34490967,0.24597168,0.09643555,-245.7939,-48.694656,123.8855,10
0.30889893,0.26794434,0.10766601599999999,-117.20611000000001,-59.343509999999995,152.91603,10
0.30670166,0.2571411,0.12628174,53.099236,-43.389313,147.58778,10
0.31121826,0.13916016,0.14001465,-3.0992367,18.251910000000002,-74.08397,10
0.31677246,0.13153076,0.16595459,18.167938,21.641222,-99.8855,10
0.32177734,0.10656738,0.19592285,20.633587,-7.89313,-122.62595,10
0.32043457,0.1395874,0.1515503,35.221375,-20.664122,-134.03816,10
0.30444336,0.14190674,0.12158203,77.78626,-16.076335999999998,-125.83968999999999,10
0.27093506,0.11053467,0.09692383,119.03053,3.0,-119.59541999999999,10
0.26171875,0.01184082,0.14807129,205.51144,-17.335878,-117.67938999999998,10
0.2720337,0.027526855,0.09979248,89.03817,-35.541985,-77.20611,10
0.25439453,0.027648926,0.12139892599999999,29.80916,-33.664124,-64.9313,10
0.23071289,-0.000488,0.13031006,-10.580152499999999,-51.389313,-72.36641,10
0.22418213,-0.0013427729999999998,0.14129639,-81.44275,-54.38168,-93.89313,10
0.22778320000000005,-0.004516602,0.16992188,-115.30533999999999,-78.54961999999999,-114.74808999999999,10
0.19067383,0.004638672,0.12646484,-134.00763,-96.28244000000001,-123.900764,10
0.24395752,0.013549805,0.08935547,-148.16031,-58.992367,-101.63359,10
0.25701904,0.030639648,0.091918945,-121.0687,-52.992367,-55.82443000000001,10
0.25079346,0.056396484000000004,0.06738281,-103.35114,-29.015265999999997,-2.076336,10
0.24212646,0.08563232400000001,0.057556152,-79.72519,-15.145039,63.87786,10
0.2658081,0.09808349599999999,0.027404785,-25.152672,42.55725,161.48856,10
0.24743652,0.07702637,0.029724121000000003,5.656488400000001,60.78626,188.26718,10
0.21624756,0.04248047,0.060424805,16.053434,67.46565,187.3435,10
0.19512939999999998,0.016845703,0.095581055,-1.2824427,56.12214,169.83206,10
0.19244385,0.0008539999999999999,0.1038208,-53.84733000000001,30.648854999999998,150.51144,10
0.21856689999999998,0.014099121000000001,0.10626221,-115.23664,5.9007635,132.45801,10
0.24340820000000005,0.04663086,0.11895752,-163.81679,-19.549618,116.0458,10
0.29278564,0.08489989999999999,0.10858154,-184.44275,-39.664124,126.14503500000001,10
0.32165527,0.11407471,0.10681152,-201.17557,-51.809162,132.1145,10
0.33233643,0.16619873,0.09320068,-185.85497,-40.221375,152.0458,10
0.33459473,0.19543457,0.08502197,-132.35115,-28.23664,170.25954,10
0.31311035,0.20281982,0.09069824,-68.44275,-11.412213000000001,176.15266,10
0.286438,0.1897583,0.08154297,-10.450381,5.0992365,158.66412,10
0.27386475,0.16772461,0.083496094,45.549618,23.152672,125.96183,10
0.30102540000000005,0.1508789,0.10308838,76.816795,44.633587,88.40458000000001,10
0.29785156,0.12023926,0.12225342,68.73283,39.053436,35.900764,10
0.28021240000000003,0.10479736,0.10858154,21.984734,25.045801,-16.61832,10
0.24047852,0.107543945,0.09326172,-23.412214000000002,11.816792999999999,-53.519085,10
0.23669434,0.11920166,0.092285156,-21.633587,5.847328,-83.68701999999999,10
0.27105713,0.13970947,0.09796142599999999,0.015267176,1.4351145,-96.41984599999999,10
0.33087158,0.14562988,0.14965820000000002,46.160305,-17.885496,-94.72519,10
0.36962890000000004,0.14447021,0.15649414,92.51908,-49.0,-89.69466,10
0.36322020000000005,0.12567139,0.12219238,131.52671999999998,-59.335876,-92.78626,10
0.3307495,0.10113525400000001,0.10675049,151.84734,-45.335876,-107.29008,10
0.3104248,0.05609131,0.08892822,168.41222,-25.641222,-136.80153,10
0.303833,0.026428222999999997,0.10430908,194.47328000000002,-16.435114000000002,-151.0687,10
0.27734375,0.036376953,0.105407715,130.27481,-23.885496,-182.61068999999998,10
0.26849365,0.036254882999999995,0.121154785,133.81679,-10.236641,-207.37403999999998,10
0.2564087,0.003845215,0.12719727,184.75572,-49.435116,-145.22899999999998,10
0.26348877,-0.015014648,0.10827637,131.2519,-46.53435,-185.50381000000002,10
0.24206543,0.051086426,0.09155273400000001,113.48092,-51.007633,-161.2519,10
0.22912598,0.027709961,0.09405517599999999,82.496185,-38.129771999999996,-122.41221999999999,10
0.21472168,0.025268555,0.10223389,40.038166,-34.83206,-88.70229,10
0.22149658,0.021728516,0.11260986,9.274809,-22.152672,-68.900764,10
0.24029541,0.010131836,0.1359253,-18.122137,-41.580154,-54.862595,10
0.22576904,0.01751709,0.13946533,-54.801525,-60.679390000000005,-52.923664,10
0.20739746,0.032226562,0.10986328,-72.39695,-69.80915999999999,-45.969467,10
0.22570801,0.02758789,0.10980224599999999,-90.75572,-51.328243,-36.74046,10
0.21551514,0.044921875,0.09448242,-93.12977,-45.931297,-27.587785999999998,10
0.20568848,0.039489746,0.09863281,-96.29771,-25.473282,-6.236641400000001,10
0.21899414,0.040771484,0.10247803,-101.67939,-13.038167999999999,16.885496,10
0.24682617,0.050964355,0.092285156,-93.69466,0.20610687,50.664124,10
0.25994873,0.079956055,0.055664062,-72.908394,14.030535,92.01527,10
0.25036620000000004,0.09857178,0.04156494,-38.778625,40.55725,136.39694,10
0.24267578,0.10083008,0.020690918,-2.7099237,62.862595,174.48091000000002,10
0.21533203,0.08013916,0.032287598,19.679389999999998,77.65649,203.96184,10
0.19665527,0.040771484,0.06311035,2.1526718,76.541985,203.54962,10
0.18914795,0.014953613000000001,0.09033203,-56.656490000000005,65.07633,183.38168000000002,10
0.21984863,0.018493652,0.11102295,-115.0458,37.099236,163.03816,10
0.25665283,0.045715332000000004,0.113342285,-152.80916000000002,4.9694657,145.69466,10
0.29058838,0.08544922,0.11907959,-163.31297,-21.114504,139.74046,10
0.31848145,0.1296997,0.10601807,-166.23665,-31.549618,142.27481,10
0.33013916,0.17248535,0.09436035,-145.58015,-29.549618,146.77100000000002,10
0.31262207,0.17474365,0.090026855,-86.29771,-22.61832,150.64122,10
0.30847168,0.14703369,0.075683594,-17.992367,-12.984733,119.41984599999999,10
0.33660890000000004,0.16802979,0.08306885,5.9007635,14.954199,63.18320500000001,10
0.3269043,0.19110107,0.09197998,18.091601999999998,25.625954,18.526718,10
0.26501465,0.12249756,0.10699463,-13.59542,34.526720000000005,-20.152672,10
0.28271484,0.10656738,0.10089111,-68.8855,24.396946,-67.12977,10
0.25842285,0.13201904,0.12432861,-84.54961999999999,7.458015400000001,-91.31298000000001,10
0.2626953,0.15887451,0.08392334,-57.83969499999999,-14.519084,-103.12977,10
0.24041748,0.15466309,0.11437988,-15.603053,-15.641221,-84.53435,10
0.28253174,0.14959717,0.11370849599999999,33.9771,-31.10687,-77.28244000000001,10
0.29284668,0.16693115,0.09320068,81.34351,-18.0,-61.51145,10
0.3034668,0.14758301,0.08569336,135.32825,0.9847328000000002,-53.22900799999999,10
0.29382324,0.11907959,0.09454346,169.74046,22.251910000000002,-57.343509999999995,10
0.29785156,0.0847168,0.0637207,218.25954,35.251907,-78.94655999999999,10
0.26416016,0.054504395,0.1149292,228.66412000000003,26.740458,-94.00764000000001,10
0.26928709999999995,0.056762695,0.12359619,216.73282000000003,6.4274807,-124.80916,10
0.2677002,0.020202637,0.11248779,229.32062000000002,-19.122137,-122.79388999999999,10
0.24383545,-0.015014648,0.11499023400000001,147.0,-68.41221999999999,-123.55725,10
0.2421875,-0.006469727,0.10656738,131.45801,-61.435116,-156.03053,10
0.19348145,-0.010925293,0.068481445,103.9771,-81.091606,-126.28244,10
0.2364502,0.08947754,0.050598145,204.44275,-76.16794,-84.16794,10
0.17608643,-0.04931640599999999,0.11560058599999999,-70.183205,-34.183205,-80.78626,10
0.25469970000000003,0.04345703,0.08312988,-36.045803,-14.480916,-112.67938999999998,10
0.24664307,-0.012512207,0.14770508,-55.564884,-64.05344000000001,-54.83969499999999,10
0.21038818,0.024658202999999997,0.12854004,-103.854965,-57.18320500000001,-64.48855,10
0.25115967,0.027038574,0.11578369,-132.6565,-34.816795,-54.52672,10
0.25360107,0.03326416,0.122558594,-136.94656,-44.603054,-31.480916999999998,10
0.26666259999999997,0.049438477,0.12463379,-147.83969,-32.114502,-8.816792999999999,10
0.21282959,0.07800293,0.08898926,-118.98473,-26.641221999999996,24.122137,10
0.2300415,0.09484863,0.04931640599999999,-86.73283,14.938931,64.862595,10
0.25494385,0.09936523400000001,0.036010742000000005,-33.183205,43.732826,92.15267,10
0.25360107,0.08288574,0.057373047,18.770992,66.862595,120.62595,10
0.24279785,0.07208252,0.06683349599999999,45.748093,71.37405,136.83969,10
0.21398926,0.049072265999999996,0.08496094,52.71755600000001,60.610687,136.58015,10
0.19372559,0.024230957,0.08685303,6.259542,39.694656,125.78626000000001,10
0.18444824,0.024719237999999998,0.07165527,-64.63359,19.320610000000002,103.26717,10
0.21966553,0.00378418,0.059631348,-138.57253,-15.59542,79.541985,10
0.20245361,0.11340332,0.06665039,-181.36641,-24.374046,35.412212,10
0.22149658,0.08459473,0.062194824,-168.2519,-24.633587,74.64886,10
0.24267578,0.11151123,0.059387207000000004,-161.47328000000002,-13.137404,85.30534,10
0.27233887,0.12664795,0.07293701,-122.183205,-7.2748094,114.54961999999999,10
0.27661133,0.13769531,0.08416748,-89.87786,-1.6259542,134.0916,10
0.27789307,0.1517334,0.10485839999999998,-73.175575,-2.908397,145.71756000000002,10
0.3076172,0.16546631,0.11462402,-41.84733,-5.3893127,152.21375,10
0.3371582,0.20306396,0.12237549,-3.053435,-4.3587785000000006,145.08397,10
0.34912109999999996,0.20483398,0.1630249,37.412212,-12.167939,121.0458,10
0.37005615,0.17938232,0.14331055,84.145035,-18.236639999999998,78.74045600000001,10
0.3143921,0.11785889,0.10449219,118.49618500000001,-15.725191,22.122137,10
0.26678467,0.07086182,0.11773682,93.12214,-6.3053436,-48.419846,10
0.277771,0.05218506,0.12689209,41.25954,-5.671755999999999,-110.36641000000002,10
0.31671143,0.080566406,0.12335205,0.73282444,-8.305344,-148.29771000000002,10
0.2980957,0.09863281,0.10333252,4.6412214999999994,-22.328245000000003,-160.63359,10
0.26745605,0.113220215,0.10089111,27.267176,-15.396947,-158.89313,10
0.24334717,0.10974121,0.076171875,67.41984599999999,-12.603053,-149.7481,10
0.23071289,0.09552002,0.087402344,119.69466000000001,-6.2519083,-135.56488000000002,10
0.215271,0.05859375,0.09106445,160.15266,-3.2748091,-128.44275,10
0.21588135,0.04736328,0.09698486,188.29771000000002,-11.465649,-119.94656,10
0.20874023,0.047607422,0.091308594,150.36641,-7.335878,-120.28244,10
0.2154541,0.034423828,0.10418701,150.08397,-22.351145000000002,-103.33588,10
0.21600342,0.030212402000000003,0.09210205,126.66412,-28.145039,-83.30534,10
0.23022461,0.024658202999999997,0.10699463,95.61069,-35.717556,-63.923664,10
0.22229004,0.025024414,0.11846924,40.198475,-37.404579999999996,-59.519085,10
0.23217773,0.014343261999999999,0.12066650400000001,19.045801,-48.297709999999995,-54.78626,10
0.24157715,0.00042699999999999997,0.13934326,-32.519085,-63.44275,-58.16794,10
0.25787354,0.001403809,0.13989258,-79.44275,-73.70229,-62.870228000000004,10
0.22955322,0.0234375,0.120910645,-95.46565,-78.908394,-69.32061,10
0.25708008,0.017211914,0.11846924,-119.0687,-56.007633,-55.603054,10
0.2833252,0.02331543,0.1239624,-122.778625,-46.946564,-50.068703,10
0.2520752,0.04443359400000001,0.12188721,-136.80153,-34.526720000000005,-15.488548999999999,10
0.21075439999999998,0.09893799,0.067871094,-116.71756,-19.259542,28.053434000000003,10
0.2637329,0.08782959,0.039367676000000004,-40.732826,44.23664,104.541985,10
0.253479,0.06988525400000001,0.041381836,10.480916,60.732826,127.061066,10
0.22357178,0.05871582,0.054382324,48.839695,53.51145,127.36641000000002,10
0.19598389,0.044921875,0.07757568,27.641221999999996,49.366413,129.83969,10
0.16455078,0.034179688,0.07501221,-27.587785999999998,26.496183000000002,113.175575,10
0.18719482,0.03289795,0.078186035,-93.94655999999999,11.839694999999999,100.55725,10
0.17980957,0.061462402,0.08074951,-145.83969,-12.274809,80.83969,10
0.21557617,0.07836914,0.06512451,-146.87022,-21.961832,99.21374,10
0.23577881,0.09106445,0.07849121,-158.22137,-17.351145000000002,104.94656,10
0.27722168,0.14056396,0.06677246,-121.778625,-13.923664000000002,129.71756000000002,10
0.29321290000000005,0.15222168,0.06958008,-75.71755999999999,-2.6793892,152.71756000000002,10
0.27783203,0.15429688,0.08325195,-25.175573,8.648855000000001,165.35115,10
0.2658081,0.1519165,0.08764648400000001,-2.908397,14.427481,152.58778,10
0.29144287,0.15899658,0.07897949,24.435114000000002,24.786259,137.3435,10
0.31671143,0.1696167,0.08929443,65.12977,31.045801,114.64121999999999,10
0.28173828,0.15344238,0.11376953,80.53435,19.931297,76.55725,10
0.26068115,0.08953857400000001,0.10858154,57.572517000000005,9.244275,21.465649,10
0.24694824,0.07476807,0.10644531,8.2213745,7.0,-42.351147,10
0.31036377,0.0949707,0.10491943,-5.015267400000001,-2.1068702,-70.23664000000001,10
0.35302734,0.13989258,0.11553955,4.152672,-9.137404,-78.29008,10
0.38012695,0.14587402,0.15344238,47.23664,-28.67939,-59.725190000000005,10
0.35620117,0.13513184,0.14953613,99.68701999999999,-59.67175699999999,-57.366413,10
0.32659912,0.11157226599999999,0.12890625,133.0916,-59.0229,-66.58778000000001,10
0.31262207,0.08215332,0.12036133,159.56488000000002,-54.664124,-93.0,10
0.2796631,0.045166015999999996,0.105407715,155.16031,-45.10687,-130.29007,10
0.26623535,0.011779785,0.119628906,135.60306,-46.23664,-162.96947,10
0.25280762,0.023071289,0.11584473,105.55725,-51.381679999999996,-184.29007,10
0.23211669999999998,0.029907227,0.115112305,76.15267,-53.351147,-203.61831999999998,10
0.23687744,0.029541016,0.13049316,110.63358999999998,-75.76335999999999,-209.09923999999998,10
0.2232666,0.014587402,0.08636474599999999,112.41221999999999,-68.48092,-204.96947,10
0.23071289,0.018249512,0.07092285,64.94655999999999,-44.618320000000004,-187.77863,10
0.20397949,0.023742676,0.10491943,60.221375,-65.89313,-139.22137,10
0.19995117,0.02923584,0.10601807,0.7251908,-32.931297,-125.42748,10
0.21435547,0.018188476999999998,0.10687256,-17.297710000000002,-31.122137,-99.229004,10
0.2154541,-0.005615234,0.13317871,-47.610687,-34.778625,-81.32061,10
0.19403076,0.011413574,0.1262207,-63.687022999999996,-49.923664,-66.27481,10
0.16790771,0.042663574,0.08001709,-78.35114,-35.648853,-49.274809999999995,10
0.20587158,0.041137695,0.10327148400000001,-82.091606,-11.572519,-9.473283,10
0.20849610000000002,0.05029297,0.09429932,-63.69465600000001,-14.465648999999999,24.167938,10
0.237854,0.03137207,0.117370605,-75.061066,-4.5725193,66.541985,10
0.26593018,0.04071045,0.10736084,-80.66412,-5.2442746,109.49618500000001,10
0.29486084,0.08782959,0.07281494,-81.816795,13.290076000000001,157.83206,10
0.3187256,0.12268066400000001,0.04876709,-55.23664,37.46565,199.06107,10
0.31951904,0.13061523,0.049804688,-12.946565,65.0458,239.05344,10
0.2734375,0.08239746,0.06365967,19.687023,72.79389,243.85497,10
0.2088623,0.04425049,0.09936523400000001,9.297709,65.137405,212.07634,10
0.19573975,0.01928711,0.09338379,-5.4198474999999995,44.312977000000004,173.09923999999998,10
0.18664551,0.002807617,0.0949707,-75.824425,39.984734,121.25191000000001,10
0.234375,0.036865234,0.11755371,-140.84734,25.175573,86.67939,10
0.2512207,0.053100586,0.10687256,-176.27481,2.7099237,63.045803,10
0.2779541,0.095214844,0.10223389,-196.84734,-7.8702292,56.82443000000001,10
0.3048706,0.14031982,0.084472656,-183.60306,-3.2900763,67.54961999999999,10
0.30157470000000003,0.16229248,0.06292724599999999,-139.87022,-0.19083970000000003,94.12977,10
0.30267334,0.17059326,0.059265137,-80.80915999999999,15.740458499999999,111.64886000000001,10
0.29986572,0.15753174,0.053100586,-20.931297,31.664121999999995,121.80916,10
0.31689453,0.18249512,0.04034424,29.793894,54.49618,119.79388999999999,10
0.29217529999999997,0.1585083,0.06726074,66.32061,56.49618,108.99236,10
0.28302002,0.09503174,0.11193848,63.809162,37.572517,61.87786,10
0.2612915,0.07098389,0.10620117,26.374046000000003,14.488548999999999,-1.2061069,10
0.25860596,0.059265137,0.09820557,2.0839694,5.091603299999999,-55.580154,10
0.30236816,0.07623291,0.14508057,2.9389312000000003,-21.534351,-95.40458000000001,10
0.35473633,0.085876465,0.17382812,2.5038167999999996,-78.9313,-121.42748,10
0.380188,0.11682129,0.17730713,16.816793,-127.0229,-137.82443,10
0.3265381,0.11846924,0.11065674,46.496179999999995,-140.48856,-144.7939,10
0.31195068,0.10247803,0.09014892599999999,39.48855,-102.137405,-151.96947,10
0.28289795,0.0715332,0.030578612999999998,53.870228000000004,-61.206109999999995,-170.51144,10
0.26208496,0.04626465,0.053344727,33.679390000000005,4.374046,-189.83206,10
0.25396729999999995,0.045288086,0.07916260000000001,26.42748,29.877863,-214.51144,10
0.24133301,0.057006836,0.11785889,29.740458,37.366413,-227.70992999999999,10
0.25164795,0.06762695,0.14776611,46.480915,13.053435,-230.46565,10
0.24981689999999998,0.05328369,0.13696289,66.33588,-22.244274,-216.67175,10
0.23962402,0.034484863,0.12207031,82.03053,-50.595420000000004,-199.9084,10
0.22552489999999997,0.03942871,0.09313965,90.458015,-54.091602,-174.03816,10
0.20452881,0.04498291,0.06842041,81.44275,-43.923664,-146.0687,10
0.19488525,0.028137207,0.07940674,62.106869999999994,-23.320610000000002,-112.03817,10
0.21356201,0.02758789,0.08782959,25.564885999999998,-6.190840000000001,-78.32061,10
0.20184326,0.038269042999999996,0.07885742,7.4885497,0.39694658,-49.282444,10
0.18627929999999998,0.032470703,0.068237305,3.183206,8.893129,-17.778625,10
0.22686768,0.023742676,0.09466553,-17.862595000000002,11.496183,15.045801,10
0.24505615,0.022644043,0.1038208,-43.17557,-4.10687,46.297709999999995,10
0.22045898,0.040100098,0.10479736,-68.48855,-13.854961,80.08397,10
0.237854,0.05102539,0.08502197,-93.24428,-10.885496,108.96183,10
0.27783203,0.07855224599999999,0.06793213,-97.8855,2.3511450000000003,135.35878,10
0.31097412,0.095703125,0.058532715,-72.56489,19.778625,168.05344,10
0.28356934,0.101501465,0.07269287,-47.366413,34.816795,190.92366,10
0.24749756,0.08807373,0.08892822,-32.519085,35.015266,195.31297,10
0.21691895,0.06420898400000001,0.07635498,-27.816793,25.969465,181.72519,10
0.19323729999999997,0.045837402,0.08245849599999999,-41.389313,24.908398000000002,154.72519,10
0.17791748,0.03765869,0.08947754,-68.0687,23.389313,121.183205,10
0.21051025,0.041870117000000005,0.10186767599999999,-108.175575,14.862596,90.099236,10
0.23315429999999995,0.06713867,0.10620117,-128.2519,3.0152671000000004,71.51145,10
0.25738525,0.080566406,0.111328125,-145.93893,-7.0610685,63.15266999999999,10
0.2600708,0.10473633,0.09741211,-142.2519,-14.717557000000001,65.79389,10
0.27209473,0.13354492,0.08233642599999999,-124.29008,-9.641221,79.84733,10
0.25482178,0.13159179999999998,0.08392334,-102.0687,-2.793893,92.8855,10
0.27825928,0.12786865,0.10443115,-85.19084000000001,-0.7633588000000001,92.51908,10
0.32452393,0.15618896,0.09979248,-60.206109999999995,-2.6183207000000004,91.73283,10
0.30615234,0.19226074,0.11029053,-27.755726,0.23664123,90.183205,10
0.26928709999999995,0.18225098,0.13458252,-14.549619,-8.389313000000001,65.60305,10
0.28869629999999996,0.13677979,0.11224365,4.854962,-9.694656,25.931297,10
0.2514038,0.08129883,0.105651855,11.625955000000001,1.4961832,-31.541984999999997,10
0.26525879999999996,0.064331055,0.122924805,9.450381,21.519083,-74.08397,10
0.32977295,0.09320068,0.15563965,-10.877863,16.351145000000002,-108.80153,10
0.37402344,0.10815430000000001,0.17138672,-20.0,-11.068703,-126.14503500000001,10
0.3310547,0.13439941,0.13977051,-13.427481,-34.83206,-131.61831999999998,10
0.29162598,0.13903809,0.0960083,21.297710000000002,-14.366412,-124.29008,10
0.26940918,0.10144043,0.07305908,75.73283,4.335878,-120.70228999999999,10
0.22930908,0.09411621,0.055236815999999994,107.39695,38.007633,-124.76336,10
0.22583008,0.08654785,0.07861328,151.32062,55.687022999999996,-139.39694,10
0.21905518,0.16320801,0.09399414,250.12977999999998,47.450382,-93.58778000000001,10
0.20220947,-0.10784912,0.09185791,250.12977999999998,17.610687,-70.55725,10
0.17407227,-0.006835938000000001,0.09405517599999999,103.061066,28.23664,-176.771,10
0.21380615,0.066589355,0.09075928,161.94656,16.61832,-140.9313,10
0.19281006,0.003295898,0.07067871,114.42748,-2.4198472,-127.37405,10
0.18225098,0.042114257999999995,0.06726074,53.0,3.908397,-114.39695,10
0.18139648,0.053833007999999995,0.06915283,47.549618,-1.0152671,-66.83206,10
0.18365479,0.0435791,0.07922363,41.076336,-6.7175574000000005,-36.160305,10
0.22637939999999998,0.012268066000000001,0.13439941,6.1679387000000006,-21.267176,-8.145039,10
0.22930908,0.011901856,0.14782715,-38.08397,-55.519085,0.89312977,10
0.22436523,0.03137207,0.12066650400000001,-76.19847,-71.30534,6.9847326,10
0.26501465,0.011657715,0.14398193,-126.00764,-60.656490000000005,16.48855,10
0.28607178,0.03100586,0.15179443,-152.47328000000002,-73.68701999999999,10.580152499999999,10
0.27960205,0.04333496,0.15856934,-174.76335,-73.38931,28.343512,10
0.2732544,0.09112549,0.10809326,-178.29007,-55.62595400000001,46.320609999999995,10
0.30004883,0.13006592,0.05810547,-136.96947,-15.167939000000002,93.0458,10
0.28948975,0.1640625,0.030029297000000003,-39.618320000000004,36.885498,139.32062,10
0.2506714,0.12731934,0.050048828,67.60305,74.541985,170.66412,10
0.21582031,0.09838867,0.07647705,131.38168000000002,95.34351,175.9542,10
0.1864624,0.07745361,0.07727051,161.83206,94.42748,166.83969,10
0.1593628,0.03741455,0.10699463,154.49618999999998,89.72519,144.38931000000002,10
0.14916992,-0.000793,0.11590576,70.9542,68.83206,104.938934,10
0.15979004,-0.00958252,0.11224365,-37.0229,43.870228000000004,64.23664000000001,10
0.1864624,0.018798828,0.10168457,-96.96183,17.099237,32.618320000000004,10
0.20581055,0.04827881,0.08764648400000001,-124.42748,6.335878,23.526718,10
0.23724365,0.08001709,0.09216308599999999,-128.2061,-0.9160305000000001,32.244274,10
0.25830078,0.11206055,0.07073974599999999,-126.908394,4.091603299999999,53.64122,10
0.27197266,0.13195801,0.0647583,-89.34351,15.389313000000001,84.05344000000001,10
0.26226807,0.11981201,0.054504395,-44.969467,22.931297,102.74809,10
0.29180908,0.1338501,0.046447754,-5.763358599999999,43.603054,117.816795,10
0.30572509999999997,0.15985107,0.03778076,49.06107,55.21374,130.26718,10
0.3143921,0.1361084,0.086120605,85.1145,58.114502,132.00763,10
0.29815674,0.08233642599999999,0.12683105,83.65649,36.412212,93.76335999999999,10
0.33099365,0.053649902,0.12231445,52.992367,10.908397,36.625954,10
0.35559082,0.045715332000000004,0.13995361,39.931297,-20.503817,-17.06107,10
0.34155273,0.029174805,0.18572998,12.053435,-67.66412,-69.48092,10
0.34130859999999996,0.047607422,0.18170166,-9.793892999999999,-110.50381499999999,-114.31298000000001,10
0.3154297,0.07513428,0.13360596,-11.969465,-133.56488000000002,-145.7481,10
0.27856445,0.09484863,0.09326172,-2.6488549999999997,-123.0687,-165.23665,10
0.25958252,0.09259033,0.08068848,4.091603299999999,-94.07633,-170.53435,10
0.22637939999999998,0.07165527,0.07165527,23.89313,-60.22900799999999,-179.17557,10
0.21807861,0.07397461,0.07788086,30.557251,-26.740458,-182.94656,10
0.22839355,0.06842041,0.08453369,53.137405,-13.160305,-181.72519,10
0.22454834,0.053710938,0.10003662,72.57252,-10.480916,-177.64122,10
0.22674560000000002,0.041625977,0.11352539,86.39695,-16.633587,-167.58778,10
0.22259521,0.0357666,0.10900879,91.71755999999999,-31.053434000000003,-155.38931000000002,10
0.21624756,0.028869628999999997,0.11419678,78.35878000000001,-40.74046,-139.19847,10
0.20178223,0.026245117000000002,0.10998535,52.374046,-48.0,-126.73283,10
0.17364502,0.014709473,0.10333252,24.625954,-47.76336,-113.03053,10
0.19116211,0.015380858999999998,0.11236572,-6.4885497,-40.76336,-99.54961999999999,10
0.21166992,0.02166748,0.11260986,-31.725191,-41.038166,-82.96183,10
0.19763184,0.030151367000000002,0.10357666,-50.862595,-38.267174,-57.221375,10
0.21771239999999997,0.023742676,0.103027344,-70.36641,-26.91603,-28.358778000000004,10
0.27294922,0.030029297000000003,0.10858154,-80.816795,-15.702291,9.687023,10
0.24993896,0.07482910000000001,0.08001709,-68.70229,-11.106871,52.229008,10
0.25335693,0.08947754,0.03125,-49.374046,24.664122,101.770996,10
0.2946167,0.09014892599999999,0.034362792999999996,-15.946565,46.908398,135.27481,10
0.34686279999999997,0.08465576,0.057983400000000004,33.694656,52.603054,151.42747,10
0.34002686,0.031066895,0.10614014,27.442749,33.312977000000004,130.77863,10
0.2923584,0.053833007999999995,0.10198974599999999,-38.229008,-0.46564886,102.25954399999999,10
0.23504639,0.06384277,0.087768555,-87.32825,-29.70229,83.12214,10
0.1899414,0.08905029,-0.001037598,-99.80153,-28.198473,70.58778000000001,10
0.19226074,0.09124756,0.029968262000000002,-111.31298000000001,-8.862596,77.29771,10
0.18884277,0.08709717,0.061523438,-113.45801499999999,-9.198473,82.496185,10
0.20892334,0.07781982400000001,0.08160400400000001,-117.70992,-24.206106,101.51908,10
0.21655273,0.10650635,0.076171875,-91.98473,-41.541985,110.48855,10
0.23474121,0.13165283,0.07189941400000001,-70.30534,-37.496179999999995,134.29771000000002,10
0.24975586,0.14147949,0.07165527,-34.870228000000004,-38.946564,153.35115,10
0.2689209,0.1461792,0.06762695,-17.816793,-23.923664000000002,155.22137,10
0.30291748,0.15966797,0.06439209,-7.862595599999999,-11.167939,151.45801,10
0.30535890000000004,0.19903564,0.061706542999999996,10.389313000000001,10.267176,144.25954,10
0.2756958,0.19494629,0.10461426,24.641222,17.480917,117.41221999999999,10
0.25738525,0.14782715,0.115234375,7.2137402999999996,-0.8244275,60.961833999999996,10
0.24169922,0.12213135,0.08465576,-25.152672,4.4656487,-12.083969,10
0.28948975,0.12976074,0.08703613,-42.83206,15.0,-54.49618,10
0.3421631,0.1640625,0.1071167,-29.0,19.87023,-75.061066,10
0.39166259999999997,0.1538086,0.16949463,-5.2748094000000005,17.435114000000002,-76.20611,10
0.34210205,0.12139892599999999,0.16918945,30.931296999999997,-19.862595000000002,-92.03817,10
0.29089355,0.10906982400000001,0.12365723,42.633587,-7.8702292,-112.40458000000001,10
0.29699707,0.10473633,0.10510254,69.9313,7.8778625,-127.20611000000001,10
0.27990723,0.10559082,0.088012695,102.503815,42.931297,-140.8626,10
0.26611328,0.103637695,0.09680176,144.45801,53.18320500000001,-146.29771000000002,10
0.25958252,0.08996582,0.105651855,181.58015,52.541985,-152.15266,10
0.25073242,0.061523438,0.12219238,222.80152999999999,37.610687,-154.12978,10
0.24700928,0.047607422,0.12359619,206.96184,27.48855,-167.23665,10
0.25134277,0.038513184,0.13378906,203.76335,3.053435,-157.61831999999998,10
0.23651123,0.01586914,0.11755371,165.9771,-10.488549,-154.03053,10
0.23651123,0.014282227,0.11114502,114.49618500000001,-22.282442,-146.48091000000002,10
0.21679688,0.012145996000000001,0.11328125,72.19847,-33.343509999999995,-137.26718,10
0.19738770000000003,0.009338379,0.10437012,33.809162,-41.618320000000004,-124.0,10
0.21282959,0.008789063,0.11419678,-5.480916000000001,-48.725190000000005,-106.824425,10
0.22564697,0.010925293,0.12908936,-37.16794,-61.572517000000005,-87.145035,10
0.19549560000000002,0.01373291,0.12225342,-61.48855,-78.65649,-71.824425,10
0.21026611,0.028320312,0.09979248,-84.1145,-57.221375,-55.435116,10
0.23730469,0.020690918,0.11395264,-92.9313,-56.083969999999994,-25.91603,10
0.25421143,0.028076172000000003,0.12518310000000002,-101.43511,-39.068703,18.0,10
0.24865723,0.059020996,0.09161377,-96.99235999999999,-32.717556,66.91603,10
0.28021240000000003,0.09088135,0.06036377,-88.0458,1.2061069,129.35878,10
0.31604004,0.11755371,0.041503906,-43.55725,31.67939,179.14503,10
0.30804443,0.10827637,0.03881836,21.145039,48.954197,203.81679,10
0.26342773,0.08154297,0.07684326,37.358779999999996,62.732826,196.2061,10
0.22473145,0.059204099999999996,0.10705566400000001,25.06107,38.099236,158.56488000000002,10
0.19470215,0.058532715,0.07849121,-16.923664000000002,6.2061067,123.56488999999999,10
0.18365479,0.04522705,0.0758667,-86.25954399999999,5.7480917,97.27481,10
0.22253418,0.05834961,0.09606933599999999,-129.54199,-12.702291,77.41221999999999,10
0.23266602,0.10253906,0.07556152,-170.89313,-32.46565,64.05344000000001,10
0.25421143,0.12066650400000001,0.0715332,-152.7481,-34.129771999999996,101.80153,10
0.24511719,0.1281128,0.05847168,-135.17557,-21.801527,119.65648999999999,10
0.25317383,0.14636229999999997,0.06347656,-87.75572,-4.480916000000001,146.61068999999998,10
0.25170898,0.17321777,0.062683105,-28.160304999999997,14.068703,170.9542,10
0.26361084,0.16674805,0.053588867000000005,-3.4503817999999997,49.480915,190.96947,10
0.27526855,0.16210938,0.060302734000000004,21.0,73.68701999999999,193.84734,10
0.309021,0.16467285,0.07116699,63.221375,83.900764,189.37403999999998,10
0.3173828,0.16949463,0.12213135,100.79389,77.44275,156.25954,10
0.32666016,0.09875488,0.14093018,111.23664,48.282444,108.54198500000001,10
0.32232666,0.07043457,0.11291504,78.67939,17.053434,31.51145,10
0.33874512,0.08062744,0.15765381,59.49618,-7.0,-31.923664000000002,10
0.35412598,0.08099365,0.16101074,-28.587785999999998,-106.9771,-139.90076000000002,10
0.29656982,0.09649658,0.08489989999999999,-32.221375,-87.62595,-193.0,10
0.24359131,0.09466553,0.089782715,83.458015,8.083969,-178.58015,10
0.23553467,0.06604004,0.10723877,166.10687,3.6870230000000004,-155.71756000000002,10
0.19891357,0.012695313,0.10974121,72.9313,-50.625954,-125.14503500000001,10
0.1907959,0.015991211,0.10784912,33.748093,-55.64122,-120.32061000000002,10
0.20806885,0.002868652,0.12188721,-0.9236641,-59.725190000000005,-111.183205,10
0.21466064,0.010192871,0.1359253,-45.282444,-63.290077000000004,-107.74045600000001,10
0.20556639999999998,0.04663086,0.08825683599999999,-73.39695,-52.190838,-72.19847,10
0.25549316,0.020019531,0.12652588,-75.42748,-39.595420000000004,-49.53435,10
0.27264404,0.01184082,0.12976074,-84.83969,-33.21374,-18.725191,10
0.28015137,0.027954102,0.14068604,-105.23664,-35.732826,20.824427,10
0.30114746,0.1303711,0.018859863,-13.396947,66.31298000000001,205.2061,10
0.22692871,0.04443359400000001,0.08459473,79.37405,76.60305,184.76335,10
0.21002197,0.025390625,0.10864258,13.061069,39.44275,144.12213,10
0.21362305,0.057922363,0.09588623,-176.38931000000002,-27.404581,73.37405,10
0.23516846,0.0847168,0.089904785,-203.61831999999998,-36.099236,68.87023,10
0.23065186,0.10522461,0.09503174,-197.14503,-41.496179999999995,81.00764000000001,10
0.25183105,0.12207031,0.10211182,-181.00763,-43.343509999999995,100.28244000000001,10
0.25402832,0.12335205,0.100097656,-149.47328000000002,-42.068703,122.67175,10
0.27648926,0.14801025,0.10070801,-113.26717,-31.343512,140.1374,10
0.32708740000000003,0.18811035,0.10430908,-59.419846,-20.557251,172.7939,10
0.33056640000000004,0.24121094,0.11187744,7.1755724,-2.167939,188.35115,10
0.31591797,0.24932861,0.17370605,56.900764,0.06870229,174.94656,10
0.28527832,0.18579102,0.11578369,130.31297,-4.2290077,115.32825,10
0.2906494,0.07592773400000001,0.105285645,131.26718,27.167938,22.557251,10
0.28582764,0.05456543,0.119018555,39.587788,56.687022999999996,-92.26717,10
0.3102417,0.10418701,0.14184570000000002,-75.28244000000001,69.541985,-156.28243999999998,10
0.37744140000000004,0.14764404,0.19281006,-78.31298000000001,19.290077,-164.72519,10
0.35528564,0.15020752,0.14550781,-40.641220000000004,-22.534351,-167.48091000000002,10
0.30407715,0.14953613,0.1026001,24.717558,-34.717556,-151.46565,10
0.27996826,0.12017822,0.08428955,100.03053,-23.137404999999998,-139.46565,10
0.27069092,0.09478760000000001,0.07763672,153.39694,-6.442748,-142.38931000000002,10
0.23596191,0.08465576,0.08044433599999999,173.52671999999998,17.763360000000002,-148.82443,10
0.24224854,0.09985351599999999,0.11938476599999999,208.75572,36.641220000000004,-145.9313,10
0.24633789,0.02709961,0.10357666,193.26718,18.595419,-155.48856,10
0.26501465,0.06768799,0.11480713,164.09923999999998,10.80916,-160.19083999999998,10
0.27453613,0.03302002,0.12322998,152.57253,-10.366412,-149.45038,10
0.24847412,0.028259277000000003,0.10675049,125.96947,-28.206106,-144.68703,10
0.24273682,0.022827148,0.12469482400000001,89.48855,-40.007633,-129.67175,10
0.21447754,0.019348145,0.09692383,56.725190000000005,-49.160305,-121.38931000000001,10
0.19451904,-0.0014648439999999999,0.11938476599999999,19.335878,-55.48855,-116.1145,10
0.20300293,-0.002746582,0.1383667,-31.480916999999998,-63.725190000000005,-116.9771,10
0.18707275,0.010559082,0.11621094,-66.39695,-72.51908,-113.14503500000001,10
0.15509033,0.028503418,0.08843994,-77.24428,-61.923664,-97.01527,10
0.22088623,0.01184082,0.10876465,-82.67939,-36.503820000000005,-55.885498,10
0.22991943,0.011352538999999998,0.12963867,-86.64121999999999,-48.06107,-25.832062,10
0.23468018,0.032958984,0.13336182,-112.41984599999999,-42.48855,27.709923,10
0.25854492,0.08703613,0.0960083,-116.1145,-39.839695,97.770996,10
0.27838135,0.118652344,0.06970215,-110.85496499999999,-14.229007999999999,168.70228999999998,10
0.31359863,0.11987305,0.0635376,-76.19084000000001,15.015267000000001,222.87022000000002,10
0.29901123,0.10437012,0.05859375,-22.595419,45.618320000000004,250.12977999999998,10
0.27587890000000004,0.08203125,0.088012695,43.08397,41.755726,250.12977999999998,10
0.23748779999999997,0.059509277,0.10614014,73.31298000000001,39.603054,222.771,10
0.2076416,0.05987549,0.11621094,32.55725,35.93893,184.21375,10
0.20910645,0.03753662,0.12133789,-44.564884,25.290077,150.40458999999998,10
0.24609375,0.053771973,0.11602783,-112.56488999999999,4.7175574000000005,113.091606,10
0.2590332,0.064331055,0.11480713,-139.48856,2.8473282,98.58778000000001,10
0.27307129999999996,0.08648682,0.115112305,-154.61831999999998,-2.6259542000000002,91.32061,10
0.26849365,0.115112305,0.09918213,-144.71756000000002,1.221374,101.381676,10
0.26763916,0.13378906,0.08752441400000001,-108.35878000000001,7.0076336999999995,120.85496499999999,10
0.2564087,0.14227295,0.08544922,-59.83969499999999,15.0992365,136.83969,10
0.27252197,0.13690186,0.10821533,-31.015265999999997,20.122137,137.72519,10
0.30999756,0.16156006,0.10003662,-6.656488400000001,22.702289999999998,137.10687,10
0.30932617,0.20159912,0.10388183599999999,30.87023,24.320610000000002,126.30533999999999,10
0.28851318,0.16925049,0.14263916,42.46565,16.526718,91.48092,10
0.2925415,0.107299805,0.12341308599999999,49.312977000000004,2.0839694,33.89313,10
0.26763916,0.06854248,0.10998535,23.213741,4.0610685,-47.610687,10
0.29833984,0.103637695,0.11102295,-1.0076336,8.145039,-95.35878000000001,10
0.35351562,0.12084961,0.14129639,-3.6870230000000004,0.08396947,-118.0687,10
0.38372803,0.15209961,0.15417479999999997,5.961832,-27.57252,-132.48856,10
0.33489990000000003,0.14984131,0.13543701,49.358779999999996,-50.46565,-134.19847,10
0.31262207,0.10107422,0.11596680000000001,87.10687,-45.183205,-146.09923999999998,10
0.3123169,0.07720947,0.10906982400000001,115.84733,-39.267174,-166.54199,10
0.2935791,0.07067871,0.09515381,124.938934,-22.030535,-185.15266,10
0.30999756,0.1182251,0.09143066400000001,145.41222,-52.992367,-190.29771000000002,10
0.25891113,-0.04119873,0.10583496,250.12977999999998,-10.419847500000001,-111.091606,10
0.27587890000000004,-0.023498535,0.14611816,134.87022,-51.648853,-199.94656,10
0.24475098,0.0345459,0.11175537,34.473279999999995,-26.770992,-239.08397000000002,10
0.2980957,0.06781006,0.09161377,41.969467,-30.122137,-191.0458,10
0.27264404,0.032470703,0.12475586,70.35114,-49.687022999999996,-175.74046,10
0.23327637,0.039367676000000004,0.10986328,20.748089999999998,-41.541985,-173.44275,10
0.21765137,0.03918457,0.1015625,32.267174,-50.458015,-146.0,10
0.20324707,0.003662109,0.12109375,16.328245000000003,-54.40458,-127.9313,10
0.19165039,-0.00958252,0.11993408,-20.229008,-58.32824300000001,-117.175575,10
0.17846679999999998,0.02709961,0.082092285,-37.480915,-54.53435,-95.59541999999999,10
0.17645264,0.047790527,0.064453125,-32.717556,-34.664124,-57.778625,10
0.20007324,0.02319336,0.08123779,-32.458015,-25.709923,-23.664122,10
0.21502686,0.01550293,0.09033203,-47.114502,-14.015267000000001,20.022902,10
0.27557373,0.099609375,0.06768799,-101.83206,-1.3740458,172.1145,10
0.2909546,0.10650635,0.049987792999999996,-71.48092,28.022902000000002,223.21375,10
0.26831055,0.10284424,0.06652832,-35.9771,60.35878,250.12977999999998,10
0.26940918,0.08691406,0.06945801,17.503817,69.24428,250.12977999999998,10
0.24230957,0.064575195,0.11047363,42.580154,73.32061,250.12977999999998,10
0.23736572,0.06488037,0.13031006,36.770992,64.28244000000001,238.03052999999997,10
0.2576294,0.062194824,0.11773682,3.053435,54.664124,223.35877999999997,10
0.26489258,0.061157227,0.11853027,-33.091602,42.076336,201.98473,10
0.2783203,0.077941895,0.10656738,-55.778625,45.190838,173.64885,10
0.29406738,0.09332275400000001,0.09851074,-64.061066,53.47328,159.43511999999998,10
0.33880615,0.11004639,0.10052489999999999,-46.793890000000005,73.80153,124.94656,10
0.36975098,0.11364746,0.08886719,-23.167938,74.60305,109.80153,10
0.3764038,0.16021729,0.054016113,12.396947,79.26717,97.33588,10
0.34063720000000003,0.1607666,0.06500244,44.114502,82.19847,89.48855,10
0.30108643,0.0793457,0.11187744,30.42748,59.396946,46.129771999999996,10
0.30889893,0.07293701,0.09240723,-1.1832061000000003,32.404579999999996,-11.251908,10
0.27740479999999995,0.07299805,0.09820557,-8.854961,2.4961832000000004,-57.18320500000001,10
0.31213379999999996,0.08911133,0.089660645,-8.9007635,-22.587785999999998,-79.27481,10
0.34844970000000003,0.12432861,0.09692383,5.5419846,-52.519085,-88.87023,10
0.35705566,0.12695312,0.11981201,50.656490000000005,-80.75572,-87.37405,10
0.37475586,0.082092285,0.1274414,76.061066,-103.221375,-102.229004,10
0.35144043,0.058776855,0.12438965,73.48855,-125.05344,-136.56488000000002,10
0.29833984,0.015563965,0.09777832,62.114502,-121.9313,-186.18321,10
0.27661133,0.003601074,0.09777832,20.503817,-107.1145,-235.55725,10
0.28369140000000004,0.0178833,0.11401367,-5.190840000000001,-91.46565,-250.1374,10
0.27130127,0.016723633,0.13208008,-21.282442,-88.778625,-250.1374,10
0.27679443,0.02923584,0.1328125,-24.435114000000002,-96.381676,-250.1374,10
0.28356934,0.0546875,0.11376953,-13.885496,-93.70992,-250.1374,10
0.28173828,0.06958008,0.09820557,6.9770994,-77.68701999999999,-239.61068999999998,10
0.28302002,0.06701660000000001,0.10003662,27.87023,-65.96183,-180.61068999999998,10
0.2890625,0.041503906,0.09631348,38.84733,-47.770992,-126.08397,10
0.26843262,0.026123047000000003,0.11175537,28.412214000000002,-36.74046,-79.84733,10
0.24041748,0.022705077999999997,0.109558105,19.030535,-36.969467,-55.564884,10
0.21331787,0.030212402000000003,0.08941650400000001,7.5725193,-31.900763,-17.015266,10
0.2006836,0.013916016000000002,0.10498047,-5.2824425999999995,-21.740458,8.083969,10
0.18041992,0.0026245120000000003,0.10272217,-16.465649,-26.0,22.435114000000002,10
0.21899414,-0.01574707,0.11987305,-68.53435,-15.106871,36.923664,10
0.2689209,0.037475586,0.10534668,-99.73283,-21.748089999999998,58.793890000000005,10
0.30059814,0.06768799,0.07635498,-96.19084000000001,-7.931298,102.770996,10
0.3189087,0.0546875,0.09606933599999999,-95.34351,1.2900764,136.35115,10
0.3182373,0.045532227,0.11682129,-99.35114,-0.5496183000000001,151.99237,10
0.2991333,0.058654785,0.08843994,-88.70992,-9.129771,163.08397,10
0.26959229999999995,0.0847168,0.055541992000000005,-82.20611,1.6564884999999998,177.62596000000002,10
0.26220703,0.09442139,0.036315917999999996,-86.061066,21.06107,192.62596000000002,10
0.24810791,0.109436035,0.03717041,-76.96947,28.923664000000002,202.83206,10
0.20996094,0.12078857400000001,0.025939941,-56.366413,55.908398,201.64122,10
0.20367432,0.17211914,0.028137207,-42.320609999999995,39.984734,158.64122,10
0.19244385,0.09069824,0.03186035,-6.236641400000001,23.251910000000002,193.83969,10
0.19573975,0.08160400400000001,0.05609131,-57.984733999999996,30.259542,149.32825,10
0.23083496,0.08929443,0.07739258,-44.755726,8.641221,129.9313,10
0.2208252,0.08660889,0.08758545,-57.732826,9.816792999999999,109.175575,10
0.24645996,0.076049805,0.09967041,-64.0,-8.435115,83.23664000000001,10
0.2906494,0.11053467,0.10430908,-83.46565,-7.587786,64.63359,10
0.29388428,0.13201904,0.13153076,-73.061066,-13.175572,50.114502,10
0.28674316,0.13757324,0.12017822,-63.83206,-11.9007635,30.717558,10
0.28857422,0.13098145,0.12170410000000002,-47.519085,-4.984732599999999,10.618319999999999,10
0.32421875,0.13787842,0.08074951,-25.297710000000002,15.465648999999999,-12.122137,10
0.32543945,0.14544678,0.08111572,12.160305000000001,26.10687,-33.87786,10
0.30255127,0.13745117,0.09631348,40.91603,29.503816999999998,-56.32824300000001,10
0.29302979999999995,0.09667969,0.1461792,71.19084000000001,13.458015,-74.229004,10
0.34368896,0.0847168,0.14959717,86.091606,-7.0076336999999995,-111.83206000000001,10
0.37463379999999996,0.07708739999999999,0.14978027,103.496185,-28.770992,-131.87022,10
0.3619995,0.045043945,0.15142822,102.35114,-51.17557,-160.0458,10
0.30065918,0.040527344,0.119262695,85.03817,-56.290077000000004,-194.42747,10
0.26507568,0.05444336,0.10217285,73.41221999999999,-32.923664,-213.87787000000003,10
0.23590088,0.04083252,0.09655762,80.27481,-22.557251,-222.39694,10
0.22174072,0.040893555,0.10021973,75.74809,-11.068703,-228.31297,10
0.20855713,0.04058838,0.1015625,74.19084000000001,-4.656488400000001,-217.48856,10
0.21868896,0.04852295,0.09173584,90.19847,-2.8778627,-192.93893,10
0.19946289,0.058898926,0.086120605,100.52672,-1.9465648999999998,-155.9313,10
0.20922852,0.059814453,0.09057617,106.1145,-4.114504,-112.96183,10
0.19885254,0.03955078,0.103393555,90.938934,-6.6793895,-75.12977,10
0.18206787,0.019714355,0.11810303,72.91603,-14.671756,-52.52672,10
0.2008667,0.000488,0.12078857400000001,41.480915,-27.93893,-48.870228000000004,10
0.21685791,-0.013549805,0.13513184,-4.0229006,-37.91603,-48.290077000000004,10
0.1928711,-0.009765625,0.13433838,-46.030533,-61.908398,-51.603054,10
0.19024658,0.01574707,0.09375,-82.69466,-57.32824300000001,-48.038166,10
0.23840332,0.015136719,0.11541748,-104.221375,-43.595420000000004,-11.908397,10
0.26055908,0.048217773,0.10290527,-107.49618500000001,-43.76336,29.343512,10
0.27435303,0.07281494,0.10498047,-104.98473,-32.625954,81.0458,10
0.29736328,0.08654785,0.07763672,-100.20611,-15.877863,139.36641,10
0.34539795,0.107299805,0.06744385,-85.19847,8.267176,181.16031,10
0.34265137,0.10809326,0.07043457,-46.404579999999996,22.442749,209.83206,10
0.30133057,0.08142089999999999,0.08032226599999999,-21.610687,30.91603,216.0458,10
0.26000977,0.046020507999999995,0.09344482400000001,-20.442749,25.267176,183.66412,10
0.21759033,0.03540039,0.09527588,-45.87786,12.244275,141.49618999999998,10
0.22192383,0.008239746,0.11193848,-124.52672,-5.1984735,96.71755999999999,10
0.22888184,0.12768555,0.10192871,-190.7939,-25.984734,15.335876999999998,10
0.23242188,0.06671142599999999,0.0836792,-149.60306,-50.221375,71.53435,10
0.23059082,0.07800293,0.088012695,-216.55725,-21.076335999999998,62.83969499999999,10
0.25408936,0.13348389,0.09564209,-149.22899999999998,-36.885498,76.854965,10
0.24102783,0.13482666,0.08795166,-103.96947,-34.053436,105.64121999999999,10
0.24316406,0.14038086,0.09924316400000001,-62.81679499999999,-39.076336,122.12977,10
0.21875,0.14263916,0.10223389,-27.167938,-34.641220000000004,134.9084,10
0.23748779999999997,0.15301514,0.1026001,-12.358779,-24.946566,134.6565,10
0.26434326,0.17529297,0.10845947,9.465649,-12.656488000000001,128.32825,10
0.2779541,0.18273926,0.14123535,42.335876,-9.022901,109.84733,10
0.30090332,0.16595459,0.14398193,63.297709999999995,-2.7862597,74.75572,10
0.31561279999999997,0.13549805,0.12060547,96.69466,4.6106873,28.641221999999996,10
0.29803467,0.097595215,0.12298584,105.70228999999999,16.89313,-26.541984999999997,10
0.32073975,0.0859375,0.15179443,90.618324,25.312977,-74.824425,10
0.38726807,0.08239746,0.1696167,72.83969,9.9007635,-115.63358999999998,10
0.40112305,0.10479736,0.16168213,68.29771,-22.977098,-139.70993,10
0.35229492,0.09851074,0.12689209,87.05344000000001,-36.679390000000005,-151.10687,10
0.32708740000000003,0.08856201,0.09954834,107.75572,-23.89313,-153.63359,10
0.30065918,0.09082031,0.08026123,138.52671999999998,-10.80916,-154.0458,10
0.26666259999999997,0.06811523400000001,0.081970215,161.9771,3.2824428,-156.48856,10
0.24383545,0.075683594,0.10089111,188.46565,5.1221375,-154.8855,10
0.22064209,0.029968262000000002,0.10681152,185.45038,-5.5801525000000005,-162.0916,10
0.23345947,0.03186035,0.11602783,168.9771,-22.656488,-162.0458,10
0.23620605,0.028015137000000002,0.111328125,157.30534,-46.114502,-153.7939,10
0.23516846,0.026062012000000002,0.12591553,133.80153,-63.17556999999999,-139.30534,10
0.23529053,0.032043457000000004,0.11639404,98.137405,-69.56489,-116.00764,10
0.21325684,0.021240234,0.13208008,51.984734,-71.42748,-101.54961999999999,10
0.19830322,0.001220703,0.11602783,-1.1374046,-70.35114,-97.79389,10
0.16442871,-0.001525879,0.1362915,-45.541985,-75.74809,-104.42748,10
0.14849854,0.003540039,0.1350708,-84.46565,-70.80153,-114.45038000000001,10
0.13745117,0.024719237999999998,0.10668945,-94.07633,-61.16794,-115.37405,10
0.18981934,0.019958496000000003,0.11157226599999999,-97.23664000000001,-38.83206,-90.72519,10
0.25,0.011535645,0.12915039,-93.94655999999999,-30.19084,-55.59542,10
0.24005127,0.043273926,0.10559082,-93.59541999999999,-25.458015,3.221374,10
0.25274658,0.11840819999999999,0.03955078,-79.908394,9.389313000000001,84.770996,10
0.2664795,0.14788818,0.026306152000000003,-47.114502,51.435116,173.06107,10
0.29760742,0.11651611,0.02178955,-16.221375,89.80153,240.43512,10
0.3225708,0.078063965,0.057434082000000004,27.244274,101.19847,250.12977999999998,10
0.32421875,0.057617188,0.11755371,42.435116,75.79389,240.29771000000002,10
0.27844238,0.072753906,0.10345459,16.740458,28.412214000000002,196.19083999999998,10
0.22436523,0.07513428,0.06378174,-19.305344,1.0229008,168.41222,10
0.21533203,0.09899902,0.013916016000000002,-55.908398,19.198473,147.64122,10
0.23480225,0.11151123,0.024536132999999998,-49.755726,22.068703,132.92366,10
0.23382568,0.10894775400000001,0.041748047,-45.427483,32.076336,118.60305,10
0.23223877,0.111450195,0.047546387,-40.595420000000004,30.786259,110.55725,10
0.22113037,0.11743164,0.036865234,-34.160305,30.145039,106.48855,10
0.2142334,0.10125732400000001,0.042785645,-40.816795,29.152671999999995,96.56489,10
0.20623779999999997,0.10406494,0.048095703,-58.55725,19.549618,78.618324,10
0.2232666,0.12152099599999999,0.05218506,-65.145035,6.656488400000001,67.54961999999999,10
0.24584961,0.14581299,0.06048584,-58.778625,-7.0839696,61.045803,10
0.24938965,0.1708374,0.06280517599999999,-35.839695,-14.938931,58.335876,10
0.21191406,0.17242432,0.07781982400000001,-15.992367000000002,-10.717557000000001,42.755726,10
0.26617432,0.15118408,0.06286621,-6.480916000000001,-3.3358779999999997,17.977098,10
0.4991455,0.18835449,0.13427734,54.061069999999994,-13.557251999999998,-24.809160000000002,10
0.43432617,0.20953369,0.15179443,139.0687,-16.236639999999998,-5.053435299999999,10
0.32824707,0.07141113,0.19268799,157.56488000000002,-43.030533,-38.717556,10
0.29901123,0.043945312,0.1295166,99.44275,-56.793890000000005,-107.54961999999999,10
0.34320068,0.066345215,0.11022949,97.91603,-24.793894,-140.67175,10
0.34631348,0.06689453,0.12609863,99.618324,-19.10687,-159.0458,10
0.29699707,0.0690918,0.11413574,86.137405,-10.0,-170.42747,10
0.24951172,0.07843017599999999,0.09259033,91.99235999999999,-4.2977099999999995,-169.19083999999998,10
0.234375,0.05908203,0.10961914,105.64121999999999,-5.4198474999999995,-165.12213,10
0.23419189999999998,0.051086426,0.09234619,115.45038000000001,-10.709924,-160.89313,10
0.22930908,0.054870605,0.092285156,120.61068999999999,-18.778625,-148.6565,10
0.19274902,0.045043945,0.091918945,116.41984599999999,-26.595419,-138.29007,10
0.17761229999999997,0.037902832000000004,0.10070801,92.67175,-29.419846999999997,-136.28243999999998,10
0.17614746,0.013916016000000002,0.10015869,62.77099200000001,-32.778625,-136.41222,10
0.20007324,0.011230469,0.09625244,32.725190000000005,-44.251907,-144.18321,10
0.20880127,0.003845215,0.12701416,7.0229006,-56.290077000000004,-148.83969,10
0.19262695,0.005615234,0.10906982400000001,-12.427481,-78.0229,-157.78625,10
0.27496338,-0.01727295,0.12884521,-60.633587,-53.81679499999999,-141.96184,10
0.27368164,-0.019348145,0.1640625,-88.21374,-77.72519,-122.58015400000001,10
0.26135254,0.007629395,0.11529541,-114.47328,-90.00764000000001,-75.1145,10
0.28686523,0.08477783,0.061828613,-132.45801,-49.045803,6.480916000000001,10
0.30493164,0.15075684,0.03491211,-112.41984599999999,3.0992367,107.64886000000001,10
0.30187988,0.1295166,0.008056641,-65.69466,47.809162,187.229,10
0.31939697,0.07550049,0.02746582,-23.167938,82.67175,240.9542,10
0.29205322,0.064575195,0.05230713,36.603054,72.618324,235.98472999999998,10
0.26434326,0.08099365,0.06689453,39.9771,52.64122,227.60306,10
0.22680664,0.10369873,0.002807617,21.38168,42.221375,227.81679,10
0.22894287,0.07293701,0.033203125,-25.419847,51.15267,227.69466,10
0.23388672,0.056518555,0.06665039,-79.03817,37.74046,199.59541000000002,10
0.22967529999999997,0.10052489999999999,0.06585693,-127.55725,12.717557000000001,164.12978,10
0.21948242,0.11224365,0.060302734000000004,-136.43511999999998,-12.015267,147.22899999999998,10
0.21923828,0.14953613,0.036193848,-133.92366,-12.725191,136.50381000000002,10
0.23010254,0.15631104,0.07244873,-96.67175,-16.832062,132.28243999999998,10
0.27313232,0.15209961,0.10498047,-77.541985,-25.022902,127.33588,10
0.33190918,0.19067383,0.13104248,-63.893130000000006,-34.595420000000004,117.51908,10
0.32843018,0.24694824,0.12017822,-6.2824425999999995,-36.099236,121.137405,10
0.26446533,0.22790527,0.13476562,27.984734000000003,-24.328245000000003,100.71755999999999,10
0.29882812,0.16906738,0.10052489999999999,52.129771999999996,-12.519084,50.458015,10
0.30419922,0.12402344,0.09509277,65.58778000000001,21.91603,-11.129771,10
0.32421875,0.11468506,0.11291504,72.94655999999999,29.694656,-60.77099200000001,10
0.37133790000000005,0.14184570000000002,0.14801025,53.83969499999999,32.10687,-97.12977,10
0.40875244,0.14447021,0.19659424,73.25954399999999,8.435115,-107.47328,10
0.37487793,0.09417724599999999,0.18530273,85.56489,-34.381679999999996,-120.0229,10
0.33154297,0.0703125,0.15386963,71.824425,-44.46565,-144.22899999999998,10
0.3147583,0.06298828,0.11810303,75.8855,-35.045803,-170.94656,10
0.26739502,0.06298828,0.09643555,73.45038000000001,-13.877863,-192.87022,10
0.25115967,0.06585693,0.09240723,75.1145,4.1374044,-201.83969,10
0.22607422,0.051086426,0.093811035,80.29008,17.496183,-203.73282,10
0.24511719,0.05987549,0.10180664,93.099236,18.900763,-202.03053,10
0.25311279999999997,0.05206299,0.10992432,115.14503500000001,12.839694999999999,-187.32062,10
